[
    {
        "id": 1,
        "product_name": "Lamp 1",
        "product_description": "Lorem ipsum dolor, sit amet consectetur adipisicing.",
        "product_img": "assets/images/product/lamp1.jpeg",
        "product_price": 20
    },
    {
        "id": 2,
        "product_name": "Lamp 2",
        "product_description": "Lorem ipsum dolor, sit amet consectetur adipisicing.",
        "product_img": "assets/images/product/lamp2.jpeg",
        "product_price": 10
    },
    {
        "id": 3,
        "product_name": "Lamp 3",
        "product_description": "Lorem ipsum dolor, sit amet consectetur adipisicing.",
        "product_img": "assets/images/product/lamp3.jpeg",
        "product_price": 15
    }
]